{ "alphabet" : "arndcqeghilkmfpstwyv" , "insrate" : 0.0292313 , "insextprob" : 0.637655 , "delrate" : 0.0232349 , "delextprob" : 0.612888 , "rootprob" : { "a" : 0.079066 , "r" : 0.055941 , "n" : 0.041977 , "d" : 0.053052 , "c" : 0.012937 , "q" : 0.040767 , "e" : 0.071586 , "g" : 0.057337 , "h" : 0.022355 , "i" : 0.062157 , "l" : 0.099081 , "k" : 0.0646 , "m" : 0.022951 , "f" : 0.042302 , "p" : 0.04404 , "s" : 0.061197 , "t" : 0.053287 , "w" : 0.012066 , "y" : 0.034155 , "v" : 0.069147 } , "subrate" : { "a" : { "r" : 0.0237801 , "n" : 0.01162 , "d" : 0.0209631 , "c" : 0.0322012 , "q" : 0.0395396 , "e" : 0.0743451 , "g" : 0.11846 , "h" : 0.00802225 , "i" : 0.00931296 , "l" : 0.0391703 , "k" : 0.034659 , "m" : 0.0257977 , "f" : 0.010732 , "p" : 0.0518636 , "s" : 0.289289 , "t" : 0.114007 , "w" : 0.00218053 , "y" : 0.00747852 , "v" : 0.176177 } , "r" : { "a" : 0.0336103 , "n" : 0.0315615 , "d" : 0.00657599 , "c" : 0.00691547 , "q" : 0.11447 , "e" : 0.0260551 , "g" : 0.0223724 , "h" : 0.0542465 , "i" : 0.00789336 , "l" : 0.0299073 , "k" : 0.408663 , "m" : 0.0111113 , "f" : 0.00223024 , "p" : 0.0146447 , "s" : 0.0525161 , "t" : 0.0308524 , "w" : 0.00716244 , "y" : 0.0107397 , "v" : 0.0118163 } , "n" : { "a" : 0.0218868 , "r" : 0.0420607 , "d" : 0.269299 , "c" : 0.00684065 , "q" : 0.0691305 , "e" : 0.0387789 , "g" : 0.08243 , "h" : 0.100804 , "i" : 0.0119032 , "l" : 0.0067798 , "k" : 0.138572 , "m" : 0.00851489 , "f" : 0.00378708 , "p" : 0.00712508 , "s" : 0.245299 , "t" : 0.10661 , "w" : 0.000547505 , "y" : 0.0209037 , "v" : 0.00578676 } , "d" : { "a" : 0.0312424 , "r" : 0.00693409 , "n" : 0.213081 , "c" : 0.000809285 , "q" : 0.0213368 , "e" : 0.375387 , "g" : 0.0484454 , "h" : 0.0207256 , "i" : 0.000664456 , "l" : 0.00149374 , "k" : 0.0182791 , "m" : 0.00058635 , "f" : 0.00073673 , "p" : 0.0173718 , "s" : 0.0759009 , "t" : 0.0226927 , "w" : 0.000360652 , "y" : 0.00461457 , "v" : 0.0026253 } , "c" : { "a" : 0.196801 , "r" : 0.0299032 , "n" : 0.022196 , "d" : 0.00331871 , "q" : 0.00345736 , "e" : 0.000250479 , "g" : 0.0326399 , "h" : 0.0143193 , "i" : 0.0199292 , "l" : 0.0588546 , "k" : 0.000856981 , "m" : 0.0205108 , "f" : 0.0467542 , "p" : 0.00331981 , "s" : 0.170401 , "t" : 0.0609324 , "w" : 0.00808574 , "y" : 0.0398086 , "v" : 0.135479 } , "q" : { "a" : 0.0766854 , "r" : 0.157077 , "n" : 0.0711824 , "d" : 0.0277666 , "c" : 0.00109716 , "e" : 0.295548 , "g" : 0.0153639 , "h" : 0.107606 , "i" : 0.00452837 , "l" : 0.0577103 , "k" : 0.208935 , "m" : 0.038387 , "f" : 0.00151673 , "p" : 0.0274938 , "s" : 0.0748944 , "t" : 0.057557 , "w" : 0.00284997 , "y" : 0.00878929 , "v" : 0.0145438 } , "e" : { "a" : 0.0821134 , "r" : 0.0203608 , "n" : 0.0227394 , "d" : 0.278197 , "c" : 4.52664e-0 , "q" : 0.16831 , "g" : 0.0200018 , "h" : 0.00947583 , "i" : 0.00275137 , "l" : 0.00690325 , "k" : 0.116743 , "m" : 0.00398738 , "f" : 0.000795741 , "p" : 0.0184707 , "s" : 0.0374508 , "t" : 0.0322143 , "w" : 0.00093936 , "y" : 0.00409985 , "v" : 0.0169433 } , "g" : { "a" : 0.163353 , "r" : 0.0218277 , "n" : 0.0603479 , "d" : 0.0448249 , "c" : 0.00736456 , "q" : 0.0109239 , "e" : 0.0249725 , "h" : 0.00696321 , "i" : 0.000541075 , "l" : 0.00438541 , "k" : 0.0191626 , "m" : 0.00320253 , "f" : 0.00378966 , "p" : 0.00867414 , "s" : 0.106482 , "t" : 0.00691855 , "w" : 0.0032396 , "y" : 0.00186756 , "v" : 0.00530363 } , "h" : { "a" : 0.0283734 , "r" : 0.135746 , "n" : 0.189284 , "d" : 0.0491851 , "c" : 0.00828668 , "q" : 0.196232 , "e" : 0.0303439 , "g" : 0.0178595 , "i" : 0.00676776 , "l" : 0.036295 , "k" : 0.0450431 , "m" : 0.0101551 , "f" : 0.0288558 , "p" : 0.0224097 , "s" : 0.0605856 , "t" : 0.0311335 , "w" : 0.00720403 , "y" : 0.181254 , "v" : 0.00822937 } , "i" : { "a" : 0.0118464 , "r" : 0.00710398 , "n" : 0.0080387 , "d" : 0.000567124 , "c" : 0.00414794 , "q" : 0.00297003 , "e" : 0.00316875 , "g" : 0.000499117 , "h" : 0.00243405 , "l" : 0.410696 , "k" : 0.0102758 , "m" : 0.0980833 , "f" : 0.0470704 , "p" : 0.00344749 , "s" : 0.00392302 , "t" : 0.0550847 , "w" : 0.00134729 , "y" : 0.0079418 , "v" : 0.736352 } , "l" : { "a" : 0.0312576 , "r" : 0.0168856 , "n" : 0.00287235 , "d" : 0.00079981 , "c" : 0.00768465 , "q" : 0.023745 , "e" : 0.0049876 , "g" : 0.00253779 , "h" : 0.00818899 , "i" : 0.257644 , "k" : 0.00888247 , "m" : 0.144875 , "f" : 0.109676 , "p" : 0.0109686 , "s" : 0.0111554 , "t" : 0.0161425 , "w" : 0.00747646 , "y" : 0.0102344 , "v" : 0.117739 } , "k" : { "a" : 0.0424202 , "r" : 0.353886 , "n" : 0.0900437 , "d" : 0.0150115 , "c" : 0.000171622 , "q" : 0.131852 , "e" : 0.129368 , "g" : 0.0170082 , "h" : 0.0155873 , "i" : 0.00988722 , "l" : 0.0136236 , "m" : 0.0150697 , "f" : 0.00101178 , "p" : 0.0171897 , "s" : 0.045817 , "t" : 0.0605798 , "w" : 0.000602164 , "y" : 0.00450612 , "v" : 0.0128061 } , "m" : { "a" : 0.0888727 , "r" : 0.0270828 , "n" : 0.0155736 , "d" : 0.0013