{
    "optimal_time": 138.0,
    "opt_compute_time:": 44.91479218332097,
    "spt_time": 186,
    "spt_compute_time": 12.3058565040119,
    "lpt_time": 197,
    "lpt_compute_time": 15.259884309023619,
    "n_jobs": 15,
    "n_resources": 15,
    "n_ops_per_job": 15,
    "max_op_time": 11,
    "jssp_identification": "15x15_2796_inst.json",
    "solution_optimality": "OPTIMAL",
    "jssp_instance": {
        "durations": [
            [
                6,
                9,
                7,
                7,
                1,
                7,
                3,
                4,
                3,
                3,
                5,
                1,
                10,
                7,
                4
            ],
            [
                2,
                1,
                5,
                2,
                10,
                6,
                2,
                9,
                1,
                6,
                10,
                5,
                4,
                2,
                4
            ],
            [
                3,
                5,
                10,
                1,
                2,
                7,
                5,
                4,
                7,
                8,
                2,
                10,
                5,
                5,
                8
            ],
            [
                11,
                11,
                10,
                7,
                4,
                7,
                8,
                2,
                3,
                11,
                10,
                6,
                8,
                1,
                4
            ],
            [
                2,
                1,
                11,
                6,
                1,
                6,
                5,
                6,
                11,
                3,
                2,
                6,
                2,
                6,
                3
            ],
            [
                4,
                3,
                4,
                4,
                6,
                3,
                7,
                8,
                5,
                9,
                3,
                6,
                2,
                4,
                8
            ],
            [
                8,
                8,
                8,
                9,
                10,
                4,
                3,
                6,
                2,
                8,
                11,
                10,
                9,
                4,
                7
            ],
            [
                11,
                5,
                5,
                4,
                7,
                2,
                10,
                8,
                8,
                1,
                8,
                4,
                5,
                4,
                1
            ],
            [
                8,
                1,
                6,
                7,
                6,
                8,
                5,
                4,
                9,
                6,
                4,
                4,
                3,
                10,
                7
            ],
            [
                3,
                6,
                2,
                5,
                1,
                5,
                4,
                11,
                8,
                4,
                9,
                10,
                2,
                11,
                11
            ],
            [
                7,
                5,
                5,
                7,
                5,
                1,
                5,
                4,
                5,
                