{ "JOPMNNJKAJC" : 4 , "EOJFPAGMDLJ" : [ { "JCLLKIGJAOM" : 400300001 , "LPIPLLJKJNN" : 360.0 , "CBKMOGJLIHK" : [ { "_x" : -287.9080810546875 , "_y" : 118.95724487304688 , "_z" : 505.3545837402344 } , { "_x" : -290.7308044433594 , "_y" : 119.99999237060547 , "_z" : 502.3404541015625 } , { "_x" : -287.5635070800781 , "_y" : 116.88583374023438 , "_z" : 496.5942687988281 } , { "_x" : -282.2003173828125 , "_y" : 119.6429672241211 , "_z" : 496.9606628417969 } , { "_x" : -276.6753234863281 , "_y" : 119.93791961669922 , "_z" : 501.7704162597656 } , { "_x" : -273.3643493652344 , "_y" : 119.70278930664062 , "_z" : 504.8240661621094 } , { "_x" : -276.37457275390625 , "_y" : 118.14315032958984 , "_z" : 508.9273986816406 } , { "_x" : -282.44476318359375 , "_y" : 116.84104919433594 , "_z" : 508.87921142578125 } ] } , { "JCLLKIGJAOM" : 400300002 , "LPIPLLJKJNN" : 120.0 , "GOBPAFNOCKE" : 100.0 , "CBKMOGJLIHK" : [ { "_x" : -709.6646118164062 , "_y" : 100.98078155517578 , "_z" : 420.8597106933594 } , { "_x" : -708.0219116210938 , "_y" : 102.4348373413086 , "_z" : 420.2765197753906 } , { "_x" : -707.5515747070312 , "_y" : 103.0181655883789 , "_z" : 418.4352111816406 } , { "_x" : -716.2191162109375 , "_y" : 101.14472198486328 , "_z" : 422.4584045410156 } , { "_x" : -714.4204711914062 , "_y" : 101.26258850097656 , "_z" : 417.1482849121094 } , { "_x" : -714.5126342773438 , "_y" : 102.02084350585938 , "_z" : 415.3882751464844 } , { "_x" : -716.674560546875 , "_y" : 101.22091674804688 , "_z" : 415.339599609375 } , { "_x" : -724.0577392578125 , "_y" : 101.5677719116211 , "_z" : 414.90447998046875 } , { "_x" : -727.9517211914062 , "_y" : 103.49984741210938 , "_z" : 415.09814453125 } , { "_x" : -732.2731323242188 , "_y" : 101.61434936523438 , "_z" : 415.5504455566406 } , { "_x" : -737.8834228515625 , "_y" : 101.74571228027344 ,